epoch,train_conf_loss,val_conf_loss
0,0.041555,0.0
1,0.037926,0.0
2,0.038294,0.0
3,0.029416,0.0
4,0.025957,0.0
5,0.026041,0.0
6,0.023161,0.0
