epoch,train_conf_loss,val_conf_loss
0,0.042814,0.0
1,0.014038,0.0
0,0.338973,0.0
1,0.176315,0.0
