epoch,train_conf_loss,val_conf_loss
0,0.041872,0.0
1,0.043176,0.0
2,0.042933,0.0
3,0.044021,0.0
4,0.04652,0.0
5,0.048081,0.0
