epoch,train_conf_loss,val_conf_loss
0,0.328193,0.0
1,0.100836,0.0
2,0.082503,0.0
3,0.079924,0.0
