epoch,train_conf_loss,val_conf_loss
0,3.774094,0.0
1,1.088759,0.0
2,0.255053,0.0
3,0.185274,0.0
4,0.160682,0.0
5,0.141935,0.0
6,0.132365,0.0
7,0.128589,0.0
8,0.121959,0.0
9,0.115685,0.0
10,0.107184,0.0
11,0.112092,0.0
12,0.10762,0.0
13,0.103068,0.0
14,0.11203,0.0
15,0.108432,0.0
16,0.113517,0.0
17,0.112814,0.0
18,0.071699,0.0
19,0.059082,0.0
20,0.056553,0.0
21,0.054417,0.0
