epoch,train_conf_loss,val_conf_loss
0,0.314518,0.0
1,0.10125,0.0
2,0.085548,0.0
3,0.082725,0.0
