epoch,train_conf_loss,val_conf_loss
0,0.485719,0.0
1,0.046205,0.0
2,0.034449,0.0
3,0.03432,0.0
