epoch,train_conf_loss,val_conf_loss
0,0.036713,0.0
0,2.839449,0.0
1,2.293858,0.0
2,1.762161,0.0
3,1.093363,0.0
4,0.557418,0.0
5,0.282469,0.0
