epoch,train_conf_loss,val_conf_loss
0,0.051296,0.0
1,0.036302,0.0
2,0.037416,0.0
3,0.036188,0.0
4,0.037788,0.0
5,0.035008,0.0
6,0.036442,0.0
7,0.037111,0.0
8,0.037102,0.0
9,0.036425,0.0
10,0.03574,0.0
11,0.036423,0.0
12,0.036187,0.0
13,0.035612,0.0
14,0.036182,0.0
15,0.036725,0.0
16,0.037328,0.0
17,0.036678,0.0
18,0.036559,0.0
19,0.03636,0.0
20,0.037589,0.0
21,0.037063,0.0
22,0.037365,0.0
23,0.036491,0.0
